wz08_code;description;period;turnover_yoy_pct;employment_yoy_pct;growth_gap_pct
WZ08-47;Retail trade, except motor vehicles a. motorcycles;2025-01-01;4,6;-0,4;5,0
WZ08-47;Retail trade, except motor vehicles a. motorcycles;2025-02-01;4,6;-0,2;4,8
WZ08-47;Retail trade, except motor vehicles a. motorcycles;2025-03-01;3,7;-0,1;3,8
WZ08-47;Retail trade, except motor vehicles a. motorcycles;2025-04-01;4,5;0,0;4,5
WZ08-47;Retail trade, except motor vehicles a. motorcycles;2025-05-01;3,1;0,1;3,0
WZ08-47;Retail trade, except motor vehicles a. motorcycles;2025-06-01;5,5;-0,2;5,7
WZ08-47;Retail trade, except motor vehicles a. motorcycles;2025-07-01;4,0;-0,2;4,2
WZ08-47;Retail trade, except motor vehicles a. motorcycles;2025-08-01;1,8;0,0;1,8
WZ08-47;Retail trade, except motor vehicles a. motorcycles;2025-09-01;0,6;-0,1;0,7
WZ08-47;Retail trade, except motor vehicles a. motorcycles;2025-10-01;2,0;-0,3;2,3
WZ08-47;Retail trade, except motor vehicles a. motorcycles;2025-11-01;1,3;-0,5;1,8
WZ08-47;Retail trade, except motor vehicles a. motorcycles;2025-12-01;3,2;-0,5;3,7
WZ08-47;Retail trade, except motor vehicles a. motorcycles;2026-01-01;1,4;-1,1;2,5
WZ08-47;Retail trade, except motor vehicles a. motorcycles;2026-02-01;1,1;-1,3;2,4
WZ08-47;Retail trade, except motor vehicles a. motorcycles;2026-03-01;0,8;-1,6;2,4
WZ08-47;Retail trade, except motor vehicles a. motorcycles;2026-04-01;-0,4;-1,8;1,4
WZ08-47;Retail trade, except motor vehicles a. motorcycles;2026-05-01;2,1;-1,8;3,9
WZ08-47;Retail trade, except motor vehicles a. motorcycles;2026-06-01;0,7;-1,8;2,5
WZ08-47;Retail trade, except motor vehicles a. motorcycles;2026-07-01;-2,4;-1,8;-0,6
WZ08-472;Retail sale of food, beverages and tobacco;2025-01-01;1,8;2,7;-0,9
WZ08-472;Retail sale of food, beverages and tobacco;2025-02-01;1,0;2,2;-1,2
WZ08-472;Retail sale of food, beverages and tobacco;2025-03-01;2,0;1,8;0,2
WZ08-472;Retail sale of food, beverages and tobacco;2025-04-01;1,7;2,2;-0,5
WZ08-472;Retail sale of food, beverages and tobacco;2025-05-01;0,7;1,5;-0,8
WZ08-472;Retail sale of food, beverages and tobacco;2025-06-01;1,2;0,8;0,4
WZ08-472;Retail sale of food, beverages and tobacco;2025-07-01;0,1;0,6;-0,5
WZ08-472;Retail sale of food, beverages and tobacco;2025-08-01;-2,2;0,3;-2,5
WZ08-472;Retail sale of food, beverages and tobacco;2025-09-01;-2,5;0,5;-3,0
WZ08-472;Retail sale of food, beverages and tobacco;2025-10-01;-0,3;0,1;-0,4
WZ08-472;Retail sale of food, beverages and tobacco;2025-11-01;-0,4;-0,3;-0,1
WZ08-472;Retail sale of food, beverages and tobacco;2025-12-01;0,7;-0,1;0,8
WZ08-472;Retail sale of food, beverages and tobacco;2026-01-01;-0,5;-1,3;0,8
WZ08-472;Retail sale of food, beverages and tobacco;2026-02-01;-1,0;-1,1;0,1
WZ08-472;Retail sale of food, beverages and tobacco;2026-03-01;-2,1;-1,7;-0,4
WZ08-472;Retail sale of food, beverages and tobacco;2026-04-01;-0,1;-1,5;1,4
WZ08-472;Retail sale of food, beverages and tobacco;2026-05-01;1,2;-1,5;2,7
WZ08-472;Retail sale of food, beverages and tobacco;2026-06-01;-0,7;-1,8;1,1
WZ08-472;Retail sale of food, beverages and tobacco;2026-07-01;0,2;-2,4;2,6
WZ08-4741;Retail sale of computers,peripheral units,software;2025-01-01;8,5;-1,2;9,7
WZ08-4741;Retail sale of computers,peripheral units,software;2025-02-01;13,6;-1,8;15,4
WZ08-4741;Retail sale of computers,peripheral units,software;2025-03-01;7,8;-0,6;8,4
WZ08-4741;Retail sale of computers,peripheral units,software;2025-04-01;6,9;-1,5;8,4
WZ08-4741;Retail sale of computers,peripheral units,software;2025-05-01;-0,4;-1,7;1,3
WZ08-4741;Retail sale of computers,peripheral units,software;2025-06-01;-0,3;0,0;-0,3
WZ08-4741;Retail sale of computers,peripheral units,software;2025-07-01;8,6;-0,6;9,2
WZ08-4741;Retail sale of computers,peripheral units,software;2025-08-01;6,9;0,0;6,9
WZ08-4741;Retail sale of computers,peripheral units,software;2025-09-01;7,5;-0,3;7,8
WZ08-4741;Retail sale of computers,peripheral units,software;2025-10-01;16,5;1,5;15,0
WZ08-4741;Retail sale of computers,peripheral units,software;2025-11-01;14,1;2,0;12,1
WZ08-4741;Retail sale of computers,peripheral units,software;2025-12-01;20,5;2,1;18,4
WZ08-4741;Retail sale of computers,peripheral units,software;2026-01-01;11,3;0,9;10,4
WZ08-4741;Retail sale of computers,peripheral units,software;2026-02-01;11,3;1,3;10,0
WZ08-4741;Retail sale of computers,peripheral units,software;2026-03-01;19,2;0,4;18,8
WZ08-4741;Retail sale of computers,peripheral units,software;2026-04-01;63,8;0,2;63,6
WZ08-4741;Retail sale of computers,peripheral units,software;2026-05-01;30,5;-0,1;30,6
WZ08-4741;Retail sale of computers,peripheral units,software;2026-06-01;12,4;-0,1;12,5
WZ08-4741;Retail sale of computers,peripheral units,software;2026-07-01;2,7;-0,7;3,4
WZ08-4791;Retail sale via mail order houses or via Internet;2025-01-01;14,0;-1,4;15,4
WZ08-4791;Retail sale via mail order houses or via Internet;2025-02-01;17,0;-1,3;18,3
WZ08-4791;Retail sale via mail order houses or via Internet;2025-03-01;12,1;-1,6;13,7
WZ08-4791;Retail sale via mail order houses or via Internet;2025-04-01;17,6;-1,6;19,2
WZ08-4791;Retail sale via mail order houses or via Internet;2025-05-01;11,7;-1,7;13,4
WZ08-4791;Retail sale via mail order houses or via Internet;2025-06-01;21,3;-2,1;23,4
WZ08-4791;Retail sale via mail order houses or via Internet;2025-07-01;16,4;-2,3;18,7
WZ08-4791;Retail sale via mail order houses or via Internet;2025-08-01;8,5;-1,9;10,4
WZ08-4791;Retail sale via mail order houses or via Internet;2025-09-01;2,4;-2,6;5,0
WZ08-4791;Retail sale via mail order houses or via Internet;2025-10-01;3,8;-3,0;6,8
WZ08-4791;Retail sale via mail order houses or via Internet;2025-11-01;5,8;-3,0;8,8
WZ08-4791;Retail sale via mail order houses or via Internet;2025-12-01;1,0;-2,7;3,7
WZ08-4791;Retail sale via mail order houses or via Internet;2026-01-01;4,3;-2,2;6,5
WZ08-4791;Retail sale via mail order houses or via Internet;2026-02-01;4,5;-2,3;6,8
WZ08-4791;Retail sale via mail order houses or via Internet;2026-03-01;7,3;-2,2;9,5
WZ08-4791;Retail sale via mail order houses or via Internet;2026-04-01;1,1;-2,7;3,8
WZ08-4791;Retail sale via mail order houses or via Internet;2026-05-01;7,7;-2,9;10,6
WZ08-4791;Retail sale via mail order houses or via Internet;2026-06-01;6,0;-3,4;9,4
WZ08-4791;Retail sale via mail order houses or via Internet;2026-07-01;-0,8;-3,4;2,6
WZ08-4799;Other retail sale not in stores, stalls or markets;2025-01-01;-2,9;-0,6;-2,3
WZ08-4799;Other retail sale not in stores, stalls or markets;2025-02-01;11,5;-2,9;14,4
WZ08-4799;Other retail sale not in stores, stalls or markets;2025-03-01;7,1;-3,2;10,3
WZ08-4799;Other retail sale not in stores, stalls or markets;2025-04-01;12,9;-3,8;16,7
WZ08-4799;Other retail sale not in stores, stalls or markets;2025-05-01;6,4;-3,2;9,6
WZ08-4799;Other retail sale not in stores, stalls or markets;2025-06-01;6,6;-2,3;8,9
WZ08-4799;Other retail sale not in stores, stalls or markets;2025-07-01;0,4;-3,2;3,6
WZ08-4799;Other retail sale not in stores, stalls or markets;2025-08-01;-7,2;-4,9;-2,3
WZ08-4799;Other retail sale not in stores, stalls or markets;2025-09-01;-11,8;-4,8;-7,0
WZ08-4799;Other retail sale not in stores, stalls or markets;2025-10-01;-2,1;-5,6;3,5
WZ08-4799;Other retail sale not in stores, stalls or markets;2025-11-01;-3,7;-5,9;2,2
WZ08-4799;Other retail sale not in stores, stalls or markets;2025-12-01;3,3;-4,9;8,2
WZ08-4799;Other retail sale not in stores, stalls or markets;2026-01-01;5,8;-4,6;10,4
WZ08-4799;Other retail sale not in stores, stalls or markets;2026-02-01;-3,5;-4,1;0,6
WZ08-4799;Other retail sale not in stores, stalls or markets;2026-03-01;-15,4;-3,2;-12,2
WZ08-4799;Other retail sale not in stores, stalls or markets;2026-04-01;-29,4;-4,1;-25,3
WZ08-4799;Other retail sale not in stores, stalls or markets;2026-05-01;-22,2;-3,9;-18,3
WZ08-4799;Other retail sale not in stores, stalls or markets;2026-06-01;-19,1;-4,5;-14,6
WZ08-4799;Other retail sale not in stores, stalls or markets;2026-07-01;-14,9;-4,1;-10,8
